SessionID;Email;Framecount;GameType;InputType;InputResponders;HitType;TargetNumber;TargetID;SessionTime;DeltaTime;TargetX;TargetY;HitX;HitY;HitOffsetX;HitOffsetY;OutsetTargetX;OutsetTargetY;TargetDeltaX;TargetDeltaY;OutsetHitX;OutsetHitY;DeltaHitX;DeltaHitY;TargetDiameter;ColliderDiameter;Backtracking;ErrorTargetID;TargetsDistance;Timestamp;PID;ObjectWidthCm;ObjectHeightCm;ObjectDistanceCm;TrialNo;CDGain;
617d6dd1-8e70-45ea-a948-26dc9d55f1fa;as@asd.dd;4322;Fitts;mouse;dominantHand;Hit;0;0;2.599697;2.599697;12.5;0;12.15;-3.600001;12.15;-3.600001;0;0;12.5;0;0;0;12.15;-3.600001;6.566319;6.566319;False;0;25;2026-09-28 14:25:06.8711;1;1.876326;28.57;7.14375;1;3;
617d6dd1-8e70-45ea-a948-26dc9d55f1fa;as@asd.dd;4744;Fitts;mouse;dominantHand;Hit;1;1;6.115715;3.516018;-12.5;0;-11.70001;-3.75;-11.70001;-3.75;12.5;0;-12.5;0;12.15;-3.600001;-11.70001;-3.75;6.566319;6.566319;False;0;25;2026-09-28 14:25:10.3826;1;1.876326;28.57;7.14375;1;3;
617d6dd1-8e70-45ea-a948-26dc9d55f1fa;as@asd.dd;4898;Fitts;mouse;dominantHand;Hit;2;0;7.39941;1.283695;12.5;0;13.34999;-2.850002;13.34999;-2.850002;-12.5;0;12.5;0;-11.70001;-3.75;13.34999;-2.850002;6.566319;6.566319;False;0;25;2026-09-28 14:25:11.6667;1;1.876326;28.57;7.14375;1;3;
617d6dd1-8e70-45ea-a948-26dc9d55f1fa;as@asd.dd;5103;Fitts;mouse;dominantHand;Miss;3;1;9.107296;1.707886;-12.5;0;-15.90001;-1.350001;-15.90001;-1.350001;12.5;0;-12.5;0;13.34999;-2.850002;-15.90001;-1.350001;6.566319;6.566319;False;0;25;2026-09-28 14:25:13.3740;1;1.876326;28.57;7.14375;1;3;
617d6dd1-8e70-45ea-a948-26dc9d55f1fa;as@asd.dd;5187;Fitts;mouse;dominantHand;Hit;3;1;9.807114;2.407703;-12.5;0;-14.25001;-1.65;-14.25001;-1.65;12.5;0;-12.5;0;-15.90001;-1.350001;-14.25001;-1.65;6.566319;6.566319;False;0;25;2026-09-28 14:25:14.0751;1;1.876326;28.57;7.14375;1;3;
617d6dd1-8e70-45ea-a948-26dc9d55f1fa;as@asd.dd;5482;Fitts;mouse;dominantHand;Hit;4;0;12.26524;2.458126;12.5;0;12.75;-0.9000033;12.75;-0.9000033;-12.5;0;12.5;0;-14.25001;-1.65;12.75;-0.9000033;6.566319;6.566319;False;0;25;2026-09-28 14:25:16.5328;1;1.876326;28.57;7.14375;1;3;
617d6dd1-8e70-45ea-a948-26dc9d55f1fa;as@asd.dd;5783;Fitts;mouse;dominantHand;Hit;5;1;14.77302;2.507778;-12.5;0;-13.50001;2.249998;-13.50001;2.249998;12.5;0;-12.5;0;12.75;-0.9000033;-13.50001;2.249998;6.566319;6.566319;False;0;25;2026-09-28 14:25:19.0405;1;1.876326;28.57;7.14375;1;3;
617d6dd1-8e70-45ea-a948-26dc9d55f1fa;as@asd.dd;6043;Fitts;mouse;dominantHand;Hit;6;0;16.93957;2.16655;12.5;0;10.64999;-0.1499981;10.64999;-0.1499981;-12.5;0;12.5;0;-13.50001;2.249998;10.64999;-0.1499981;6.566319;6.566319;False;0;25;2026-09-28 14:25:21.2063;1;1.876326;28.57;7.14375;1;3;
617d6dd1-8e70-45ea-a948-26dc9d55f1fa;as@asd.dd;6259;Fitts;mouse;dominantHand;Hit;7;1;18.73947;1.799904;-12.5;0;-13.8;-0.2999991;-13.8;-0.2999991;12.5;0;-12.5;0;10.64999;-0.1499981;-13.8;-0.2999991;6.566319;6.566319;False;0;25;2026-09-28 14:25:23.0063;1;1.876326;28.57;7.14375;1;3;
617d6dd1-8e70-45ea-a948-26dc9d55f1fa;as@asd.dd;6529;Fitts;mouse;dominantHand;Hit;8;0;20.98957;2.250095;12.5;0;15.14999;-0.4499972;15.14999;-0.4499972;-12.5;0;12.5;0;-13.8;-0.2999991;15.14999;-0.4499972;6.566319;6.566319;False;0;25;2026-09-28 14:25:25.2565;1;1.876326;28.57;7.14375;1;3;
617d6dd1-8e70-45ea-a948-26dc9d55f1fa;as@asd.dd;6667;Fitts;mouse;dominantHand;Hit;9;1;22.13897;1.149406;-12.5;0;-12.45001;1.050001;-12.45001;1.050001;12.5;0;-12.5;0;15.14999;-0.4499972;-12.45001;1.050001;6.566319;6.566319;False;0;25;2026-09-28 14:25:26.4061;1;1.876326;28.57;7.14375;1;3;
617d6dd1-8e70-45ea-a948-26dc9d55f1fa;as@asd.dd;9696;Fitts;mouse;dominantHand;Hit;0;0;2.732666;2.732666;36;0;37.05;3.600001;37.05;3.600001;-12.5;0;36;0;-12.45001;1.050001;37.05;3.600001;6.566319;6.566319;False;0;72;2026-09-28 14:25:51.6531;1;1.876326;28.57;20.574;1;3;
617d6dd1-8e70-45ea-a948-26dc9d55f1fa;as@asd.dd;9882;Fitts;mouse;dominantHand;Miss;1;1;4.282326;1.54966;-36;0;-39.45;2.850002;-39.45;2.850002;36;0;-36;0;37.05;3.600001;-39.45;2.850002;6.566319;6.566319;False;0;72;2026-09-28 14:25:53.2030;1;1.876326;28.57;20.574;1;3;
617d6dd1-8e70-45ea-a948-26dc9d55f1fa;as@asd.dd;9970;Fitts;mouse;dominantHand;Hit;1;1;5.0159;2.283234;-36;0;-38.39999;2.55;-38.39999;2.55;36;0;-36;0;-39.45;2.850002;-38.39999;2.55;6.566319;6.566319;False;0;72;2026-09-28 14:25:53.9359;1;1.876326;28.57;20.574;1;3;
617d6dd1-8e70-45ea-a948-26dc9d55f1fa;as@asd.dd;10104;Fitts;mouse;dominantHand;Hit;2;0;6.13266;1.11676;36;0;36.30003;-4.650002;36.30003;-4.650002;-36;0;36;0;-38.39999;2.55;36.30003;-4.650002;6.566319;6.566319;False;0;72;2026-09-28 14:25:55.0525;1;1.876326;28.57;20.574;1;3;
617d6dd1-8e70-45ea-a948-26dc9d55f1fa;as@asd.dd;10308;Fitts;mouse;dominantHand;Hit;3;1;7.832222;1.699562;-36;0;-38.54996;-0.8999974;-38.54996;-0.8999974;36;0;-36;0;36.30003;-4.650002;-38.54996;-0.8999974;6.566319;6.566319;False;0;72;2026-09-28 14:25:56.7529;1;1.876326;28.57;20.574;1;3;
617d6dd1-8e70-45ea-a948-26dc9d55f1fa;as@asd.dd;10446;Fitts;mouse;dominantHand;Hit;4;0;8.982277;1.150055;36;0;36.15003;-7.049999;36.15003;-7.049999;-36;0;36;0;-38.54996;-0.8999974;36.15003;-7.049999;6.566319;6.566319;False;0;72;2026-09-28 14:25:57.9027;1;1.876326;28.57;20.574;1;3;
617d6dd1-8e70-45ea-a948-26dc9d55f1fa;as@asd.dd;10565;Fitts;mouse;dominantHand;Miss;5;1;9.973625;0.9913483;-36;0;-40.04998;-7.649994;-40.04998;-7.649994;36;0;-36;0;36.15003;-7.049999;-40.04998;-7.649994;6.566319;6.566319;False;0;72;2026-09-28 14:25:58.8938;1;1.876326;28.57;20.574;1;3;
617d6dd1-8e70-45ea-a948-26dc9d55f1fa;as@asd.dd;10636;Fitts;mouse;dominantHand;Hit;5;1;10.56512;1.58284;-36;0;-38.39996;-7.949996;-38.39996;-7.949996;36;0;-36;0;-40.04998;-7.649994;-38.39996;-7.949996;6.566319;6.566319;False;0;72;2026-09-28 14:25:59.4857;1;1.876326;28.57;20.574;1;3;
617d6dd1-8e70-45ea-a948-26dc9d55f1fa;as@asd.dd;10747;Fitts;mouse;dominantHand;Hit;6;0;11.49079;0.9256744;36;0;35.85004;-10.19999;35.85004;-10.19999;-36;0;36;0;-38.39996;-7.949996;35.85004;-10.19999;6.566319;6.566319;False;0;72;2026-09-28 14:26:00.4106;1;1.876326;28.57;20.574;1;3;
617d6dd1-8e70-45ea-a948-26dc9d55f1fa;as@asd.dd;10883;Fitts;mouse;dominantHand;Hit;7;1;12.62359;1.132797;-36;0;-35.69992;-4.949993;-35.69992;-4.949993;36;0;-36;0;35.85004;-10.19999;-35.69992;-4.949993;6.566319;6.566319;False;0;72;2026-09-28 14:26:01.5435;1;1.876326;28.57;20.574;1;3;
617d6dd1-8e70-45ea-a948-26dc9d55f1fa;as@asd.dd;11019;Fitts;mouse;dominantHand;Hit;8;0;13.75631;1.132721;36;0;33.45008;-10.34999;33.45008;-10.34999;-36;0;36;0;-35.69992;-4.949993;33.45008;-10.34999;6.566319;6.566319;False;0;72;2026-09-28 14:26:02.6771;1;1.876326;28.57;20.574;1;3;
617d6dd1-8e70-45ea-a948-26dc9d55f1fa;as@asd.dd;11156;Fitts;mouse;dominantHand;Hit;9;1;14.8985;1.142189;-36;0;-38.99992;-8.39999;-38.99992;-8.39999;36;0;-36;0;33.45008;-10.34999;-38.99992;-8.39999;6.566319;6.566319;False;0;72;2026-09-28 14:26:03.8189;1;1.876326;28.57;20.574;1;3;
617d6dd1-8e70-45ea-a948-26dc9d55f1fa;as@asd.dd;4322;Fitts;mouse2;dominantHand;Hit;0;0;2.599697;2.599697;12.5;0;12.15;-3.600001;12.15;-3.600001;0;0;12.5;0;0;0;12.15;-3.600001;6.566319;6.566319;False;0;25;2026-09-28 14:25:06.8711;1;1.876326;28.57;7.14375;1;3;
617d6dd1-8e70-45ea-a948-26dc9d55f1fa;as@asd.dd;4744;Fitts;mouse2;dominantHand;Hit;1;1;6.115715;3.516018;-12.5;0;-11.70001;-3.75;-11.70001;-3.75;12.5;0;-12.5;0;12.15;-3.600001;-11.70001;-3.75;6.566319;6.566319;False;0;25;2026-09-28 14:25:10.3826;1;1.876326;28.57;7.14375;1;3;
617d6dd1-8e70-45ea-a948-26dc9d55f1fa;as@asd.dd;4898;Fitts;mouse2;dominantHand;Hit;2;0;7.39941;1.283695;12.5;0;13.34999;-2.850002;13.34999;-2.850002;-12.5;0;12.5;0;-11.70001;-3.75;13.34999;-2.850002;6.566319;6.566319;False;0;25;2026-09-28 14:25:11.6667;1;1.876326;28.57;7.14375;1;3;
617d6dd1-8e70-45ea-a948-26dc9d55f1fa;as@asd.dd;5103;Fitts;mouse2;dominantHand;Miss;3;1;9.107296;1.707886;-12.5;0;-15.90001;-1.350001;-15.90001;-1.350001;12.5;0;-12.5;0;13.34999;-2.850002;-15.90001;-1.350001;6.566319;6.566319;False;0;25;2026-09-28 14:25:13.3740;1;1.876326;28.57;7.14375;1;3;
617d6dd1-8e70-45ea-a948-26dc9d55f1fa;as@asd.dd;5187;Fitts;mouse2;dominantHand;Hit;3;1;9.807114;2.407703;-12.5;0;-14.25001;-1.65;-14.25001;-1.65;12.5;0;-12.5;0;-15.90001;-1.350001;-14.25001;-1.65;6.566319;6.566319;False;0;25;2026-09-28 14:25:14.0751;1;1.876326;28.57;7.14375;1;3;
617d6dd1-8e70-45ea-a948-26dc9d55f1fa;as@asd.dd;5482;Fitts;mouse2;dominantHand;Hit;4;0;12.26524;2.458126;12.5;0;12.75;-0.9000033;12.75;-0.9000033;-12.5;0;12.5;0;-14.25001;-1.65;12.75;-0.9000033;6.566319;6.566319;False;0;25;2026-09-28 14:25:16.5328;1;1.876326;28.57;7.14375;1;3;
617d6dd1-8e70-45ea-a948-26dc9d55f1fa;as@asd.dd;5783;Fitts;mouse2;dominantHand;Hit;5;1;14.77302;2.507778;-12.5;0;-13.50001;2.249998;-13.50001;2.249998;12.5;0;-12.5;0;12.75;-0.9000033;-13.50001;2.249998;6.566319;6.566319;False;0;25;2026-09-28 14:25:19.0405;1;1.876326;28.57;7.14375;1;3;
617d6dd1-8e70-45ea-a948-26dc9d55f1fa;as@asd.dd;6043;Fitts;mouse2;dominantHand;Hit;6;0;16.93957;2.16655;12.5;0;10.64999;-0.1499981;10.64999;-0.1499981;-12.5;0;12.5;0;-13.50001;2.249998;10.64999;-0.1499981;6.566319;6.566319;False;0;25;2026-09-28 14:25:21.2063;1;1.876326;28.57;7.14375;1;3;
617d6dd1-8e70-45ea-a948-26dc9d55f1fa;as@asd.dd;6259;Fitts;mouse2;dominantHand;Hit;7;1;18.73947;1.799904;-12.5;0;-13.8;-0.2999991;-13.8;-0.2999991;12.5;0;-12.5;0;10.64999;-0.1499981;-13.8;-0.2999991;6.566319;6.566319;False;0;25;2026-09-28 14:25:23.0063;1;1.876326;28.57;7.14375;1;3;
617d6dd1-8e70-45ea-a948-26dc9d55f1fa;as@asd.dd;6529;Fitts;mouse2;dominantHand;Hit;8;0;20.98957;2.250095;12.5;0;15.14999;-0.4499972;15.14999;-0.4499972;-12.5;0;12.5;0;-13.8;-0.2999991;15.14999;-0.4499972;6.566319;6.566319;False;0;25;2026-09-28 14:25:25.2565;1;1.876326;28.57;7.14375;1;3;
617d6dd1-8e70-45ea-a948-26dc9d55f1fa;as@asd.dd;6667;Fitts;mouse2;dominantHand;Hit;9;1;22.13897;1.149406;-12.5;0;-12.45001;1.050001;-12.45001;1.050001;12.5;0;-12.5;0;15.14999;-0.4499972;-12.45001;1.050001;6.566319;6.566319;False;0;25;2026-09-28 14:25:26.4061;1;1.876326;28.57;7.14375;1;3;
617d6dd1-8e70-45ea-a948-26dc9d55f1fa;as@asd.dd;9696;Fitts;mouse2;dominantHand;Hit;0;0;2.732666;2.732666;36;0;37.05;3.600001;37.05;3.600001;-12.5;0;36;0;-12.45001;1.050001;37.05;3.600001;6.566319;6.566319;False;0;72;2026-09-28 14:25:51.6531;1;1.876326;28.57;20.574;1;3;
617d6dd1-8e70-45ea-a948-26dc9d55f1fa;as@asd.dd;9882;Fitts;mouse2;dominantHand;Miss;1;1;4.282326;1.54966;-36;0;-39.45;2.850002;-39.45;2.850002;36;0;-36;0;37.05;3.600001;-39.45;2.850002;6.566319;6.566319;False;0;72;2026-09-28 14:25:53.2030;1;1.876326;28.57;20.574;1;3;
617d6dd1-8e70-45ea-a948-26dc9d55f1fa;as@asd.dd;9970;Fitts;mouse2;dominantHand;Hit;1;1;5.0159;2.283234;-36;0;-38.39999;2.55;-38.39999;2.55;36;0;-36;0;-39.45;2.850002;-38.39999;2.55;6.566319;6.566319;False;0;72;2026-09-28 14:25:53.9359;1;1.876326;28.57;20.574;1;3;
617d6dd1-8e70-45ea-a948-26dc9d55f1fa;as@asd.dd;10104;Fitts;mouse2;dominantHand;Hit;2;0;6.13266;1.11676;36;0;36.30003;-4.650002;36.30003;-4.650002;-36;0;36;0;-38.39999;2.55;36.30003;-4.650002;6.566319;6.566319;False;0;72;2026-09-28 14:25:55.0525;1;1.876326;28.57;20.574;1;3;
617d6dd1-8e70-45ea-a948-26dc9d55f1fa;as@asd.dd;10308;Fitts;mouse2;dominantHand;Hit;3;1;7.832222;1.699562;-36;0;-38.54996;-0.8999974;-38.54996;-0.8999974;36;0;-36;0;36.30003;-4.650002;-38.54996;-0.8999974;6.566319;6.566319;False;0;72;2026-09-28 14:25:56.7529;1;1.876326;28.57;20.574;1;3;
617d6dd1-8e70-45ea-a948-26dc9d55f1fa;as@asd.dd;10446;Fitts;mouse2;dominantHand;Hit;4;0;8.982277;1.150055;36;0;36.15003;-7.049999;36.15003;-7.049999;-36;0;36;0;-38.54996;-0.8999974;36.15003;-7.049999;6.566319;6.566319;False;0;72;2026-09-28 14:25:57.9027;1;1.876326;28.57;20.574;1;3;
617d6dd1-8e70-45ea-a948-26dc9d55f1fa;as@asd.dd;10565;Fitts;mouse2;dominantHand;Miss;5;1;9.973625;0.9913483;-36;0;-40.04998;-7.649994;-40.04998;-7.649994;36;0;-36;0;36.15003;-7.049999;-40.04998;-7.649994;6.566319;6.566319;False;0;72;2026-09-28 14:25:58.8938;1;1.876326;28.57;20.574;1;3;
617d6dd1-8e70-45ea-a948-26dc9d55f1fa;as@asd.dd;10636;Fitts;mouse2;dominantHand;Hit;5;1;10.56512;1.58284;-36;0;-38.39996;-7.949996;-38.39996;-7.949996;36;0;-36;0;-40.04998;-7.649994;-38.39996;-7.949996;6.566319;6.566319;False;0;72;2026-09-28 14:25:59.4857;1;1.876326;28.57;20.574;1;3;
617d6dd1-8e70-45ea-a948-26dc9d55f1fa;as@asd.dd;10747;Fitts;mouse2;dominantHand;Hit;6;0;11.49079;0.9256744;36;0;35.85004;-10.19999;35.85004;-10.19999;-36;0;36;0;-38.39996;-7.949996;35.85004;-10.19999;6.566319;6.566319;False;0;72;2026-09-28 14:26:00.4106;1;1.876326;28.57;20.574;1;3;
617d6dd1-8e70-45ea-a948-26dc9d55f1fa;as@asd.dd;10883;Fitts;mouse2;dominantHand;Hit;7;1;12.62359;1.132797;-36;0;-35.69992;-4.949993;-35.69992;-4.949993;36;0;-36;0;35.85004;-10.19999;-35.69992;-4.949993;6.566319;6.566319;False;0;72;2026-09-28 14:26:01.5435;1;1.876326;28.57;20.574;1;3;
617d6dd1-8e70-45ea-a948-26dc9d55f1fa;as@asd.dd;11019;Fitts;mouse2;dominantHand;Hit;8;0;13.75631;1.132721;36;0;33.45008;-10.34999;33.45008;-10.34999;-36;0;36;0;-35.69992;-4.949993;33.45008;-10.34999;6.566319;6.566319;False;0;72;2026-09-28 14:26:02.6771;1;1.876326;28.57;20.574;1;3;
617d6dd1-8e70-45ea-a948-26dc9d55f1fa;as@asd.dd;11156;Fitts;mouse2;dominantHand;Hit;9;1;14.8985;1.142189;-36;0;-38.99992;-8.39999;-38.99992;-8.39999;36;0;-36;0;33.45008;-10.34999;-38.99992;-8.39999;6.566319;6.566319;False;0;72;2026-09-28 14:26:03.8189;1;1.876326;28.57;20.574;1;3;
